{
  "description": "项目配置文件。",
  "packOptions": {
    "ignore": [],
    "include": []
  },
  "setting": {
    "urlCheck": true,
    "es6": true,
    "postcss": true,
    "minified": true,
    "newFeature": true,
    "babelSetting": {
      "ignore": [],
      "disablePlugins": [],
      "outputPath": ""
    }
  },
  "compileType": "miniprogram",
  "libVersion": "3.6.5",
  "appid": "wx1d43ba2b49741197",
  "projectname": "%E5%B0%8F%E5%86%B3%E5%AE%9A%E8%BD%AC%E7%9B%982.0",
  "condition": {
    "miniprogram": {
      "list": [
        {
          "name": "设置与吐槽",
          "pathName": "pages/set/set",
          "query": ""
        },
        {
          "name": "创建小决定",
          "pathName": "pages/list/list",
          "query": ""
        },
        {
          "name": "登陆",
          "pathName": "pages/log/log",
          "query": ""
        }
      ]
    }
  },
  "editorSetting": {
    "tabIndent": "insertSpaces",
    "tabSize": 2
  }
}